{
  "lifeInsurance": [
    {
      "id": 101,
      "policyHolderName": "Ramesh Naidu",
      "policyAmount": 450000,
      "maturityDate": "2020-10-12"
    },
    {
      "id": 104,
      "policyHolderName": "Ganesh",
      "policyAmount": 800000,
      "maturityDate": "2024-7-14"
    },
    {
      "id": 105,
      "policyHolderName": "Nitin",
      "policyAmount": 350000,
      "maturityDate": "2025-11-16"
    },
    {
      "id": "106",
      "policyHolderName": "Girish",
      "maturityDate": "2018-11-16",
      "policyAmount": "700000"
    },
    {
      "id": "107",
      "policyHolderName": "Jagan",
      "maturityDate": "2029-02-01",
      "policyAmount": "60000"
    },
    {
      "id": "3434",
      "policyHolderName": "Nagin",
      "maturityDate": "2018-10-30",
      "policyAmount": "234234"
    },
    {
      "id": "2323",
      "policyHolderName": null,
      "maturityDate": "2018-11-14",
      "policyAmount": "344"
    }
  ],
  "advisors": [
    {
      "id": 201,
      "name": "Kumar",
      "mobileNumber": 949494949
    },
    {
      "id": 202,
      "name": "Reddy",
      "mobileNumber": 749494949
    },
    {
      "id": 203,
      "name": "Shiva",
      "mobileNumber": 649494949
    },
    {
      "id": 204,
      "name": "Mohit",
      "mobileNumber": 59494949
    },
    {
      "id": 205,
      "name": "Vishwa",
      "mobileNumber": 449494949
    }
  ]
}